project_id,reviewer_id,review_text,review_score,domain_relevance,matched_terms,feasibility_score,scalability_score,ethics_score,llm_comment
P6,R1,Impressive idea. Lacks stakeholder input.,0,0.5,ai,1,0,1,Simulated response based on: 'Impressive idea. Lacks stakeholder input...'
P2,R1,Ethics and privacy are underdeveloped.,2,0.0,,0,0,3,Simulated response based on: 'Ethics and privacy are underdeveloped....'
P10,R1,"The impact potential is strong, but unclear implementation.",1,0.0,,1,1,1,"Simulated response based on: 'The impact potential is strong, but uncl...'"
P2,R2,Impressive idea. Lacks stakeholder input.,0,1.0,"environment, visualization",0,0,0,Simulated response based on: 'Impressive idea. Lacks stakeholder input...'
P2,R2,"Feasibility is high, but needs stronger ethical design.",1,1.0,"environment, visualization",1,1,1,"Simulated response based on: 'Feasibility is high, but needs stronger ...'"
P4,R2,Scalability could be a challenge in low-infra environments.,1,0.0,,0,1,0,Simulated response based on: 'Scalability could be a challenge in low-...'
P5,R3,"Great use of AI, but not inclusive.",0,0.0,,1,0,1,"Simulated response based on: 'Great use of AI, but not inclusive....'"
P10,R3,Impressive idea. Lacks stakeholder input.,0,0.0,,1,0,0,Simulated response based on: 'Impressive idea. Lacks stakeholder input...'
P4,R3,"Feasibility is high, but needs stronger ethical design.",1,0.0,,2,1,1,"Simulated response based on: 'Feasibility is high, but needs stronger ...'"
P2,R4,"Limited novelty, but practical and well scoped.",0,0.0,,0,0,0,"Simulated response based on: 'Limited novelty, but practical and well ...'"
P3,R4,"Feasibility is high, but needs stronger ethical design.",1,0.5,design,1,1,0,"Simulated response based on: 'Feasibility is high, but needs stronger ...'"
P9,R4,Impressive idea. Lacks stakeholder input.,0,0.0,,1,0,0,Simulated response based on: 'Impressive idea. Lacks stakeholder input...'
P3,R5,Ethics and privacy are underdeveloped.,2,0.0,,1,1,2,Simulated response based on: 'Ethics and privacy are underdeveloped....'
P3,R5,Impressive idea. Lacks stakeholder input.,0,0.0,,0,1,1,Simulated response based on: 'Impressive idea. Lacks stakeholder input...'
P2,R5,"Limited novelty, but practical and well scoped.",0,0.0,,0,0,1,"Simulated response based on: 'Limited novelty, but practical and well ...'"
P6,R6,Scalability could be a challenge in low-infra environments.,1,0.5,education,0,0,0,Simulated response based on: 'Scalability could be a challenge in low-...'
P7,R6,Ethics and privacy are underdeveloped.,2,0.0,,1,1,3,Simulated response based on: 'Ethics and privacy are underdeveloped....'
P6,R6,"Strong UX, but lacks technical depth.",0,0.5,education,0,0,0,"Simulated response based on: 'Strong UX, but lacks technical depth....'"
P5,R7,"The impact potential is strong, but unclear implementation.",1,0.0,,1,1,0,"Simulated response based on: 'The impact potential is strong, but uncl...'"
P1,R7,"The impact potential is strong, but unclear implementation.",1,0.0,,1,0,1,"Simulated response based on: 'The impact potential is strong, but uncl...'"
P4,R7,Very innovative. Needs clearer governance.,1,0.0,,0,0,0,Simulated response based on: 'Very innovative. Needs clearer governanc...'
P2,R8,"Feasibility is high, but needs stronger ethical design.",1,0.0,,2,1,1,"Simulated response based on: 'Feasibility is high, but needs stronger ...'"
P10,R8,"Limited novelty, but practical and well scoped.",0,0.0,,0,1,0,"Simulated response based on: 'Limited novelty, but practical and well ...'"
P7,R8,Impressive idea. Lacks stakeholder input.,0,0.0,,0,1,0,Simulated response based on: 'Impressive idea. Lacks stakeholder input...'
P9,R9,Very innovative. Needs clearer governance.,1,1.0,"environment, urban",1,1,1,Simulated response based on: 'Very innovative. Needs clearer governanc...'
P5,R9,"Limited novelty, but practical and well scoped.",0,0.0,,1,0,0,"Simulated response based on: 'Limited novelty, but practical and well ...'"
P2,R9,Very innovative. Needs clearer governance.,1,0.5,environment,0,1,1,Simulated response based on: 'Very innovative. Needs clearer governanc...'
P8,R10,"Limited novelty, but practical and well scoped.",0,0.0,,0,1,0,"Simulated response based on: 'Limited novelty, but practical and well ...'"
P3,R10,Scalability could be a challenge in low-infra environments.,1,0.0,,1,1,0,Simulated response based on: 'Scalability could be a challenge in low-...'
P10,R10,"Great use of AI, but not inclusive.",0,1.0,"privacy, security",0,1,0,"Simulated response based on: 'Great use of AI, but not inclusive....'"
